{"cameraMode":{"drawMode":0,"name":"Shaded","section":"Shading Mode"},"sceneLighting":false,"audioPlay":false,"sceneViewState":{"m_AlwaysRefresh":false,"showFog":true,"showSkybox":false,"showFlares":true,"showImageEffects":true,"showParticleSystems":true,"showVisualEffectGraphs":true,"m_FxEnabled":true},"in2DMode":false,"pivot":{"x":-0.7608524560928345,"y":1.1217528581619263,"z":-1.4382208585739136},"rotation":{"x":0.11025270819664002,"y":0.35961365699768069,"z":-0.04285375773906708,"w":0.9255876541137695},"size":0.6532435417175293,"orthographic":false}