{"cameraMode":{"drawMode":0,"name":"Shaded","section":"Shading Mode"},"sceneLighting":true,"audioPlay":false,"sceneViewState":{"m_AlwaysRefresh":false,"showFog":true,"showSkybox":true,"showFlares":true,"showImageEffects":true,"showParticleSystems":true,"showVisualEffectGraphs":true,"m_FxEnabled":true},"in2DMode":false,"pivot":{"x":-14.83614444732666,"y":11.200879096984864,"z":-3.6086628437042238},"rotation":{"x":0.08565182983875275,"y":0.5738478899002075,"z":-0.06051420047879219,"w":0.8122379779815674},"size":3.4509694576263429,"orthographic":false}